56.5.513245351;WEmdeçç;65.535845646;djaisj@gmail.com;54646;rajisoh;fijfso;12
485641845186;PROST;142215125;abc@gmail;12h4iuo;g7d8g9s7g;sdgsdg;9889
